accuracy,precision,recall,f1,auc,fnr,cm,loss,encoder,fold,seed,mode,best_epoch,betas,fpr,auprc,balanced_acc,specificity,mcc
0.9,0.965753425,0.829411765,0.892405063,0.912283737,0.170588235,"[[165, 5], [29, 141]]",20.10382271,Rate,0,42,within,28,"{'b1': 0.8746246099472046, 'b2': 1.0051337480545044, 'b3': 1.0258220434188843}",,,,,
0.5,0.5,1,0.666666667,0.29899654,0,"[[0, 170], [0, 170]]",164.1706314,Rate,0,123,within,1,"{'b1': 0.8549125790596008, 'b2': 0.9051618576049805, 'b3': 0.9608257412910461}",,,,,
0.902941176,0.959731544,0.841176471,0.896551724,0.919653979,0.158823529,"[[164, 6], [27, 143]]",20.26314354,Rate,0,456,within,23,"{'b1': 0.8972539901733398, 'b2': 0.9948300123214722, 'b3': 1.031031608581543}",,,,,
0.85,0.916083916,0.770588235,0.837060703,0.881089965,0.229411765,"[[158, 12], [39, 131]]",20.71187305,Rate,1,42,within,31,"{'b1': 0.8834905624389648, 'b2': 1.0054739713668823, 'b3': 1.0286794900894165}",,,,,
0.5,0.5,1,0.666666667,0.30849481,0,"[[0, 170], [0, 170]]",164.1692276,Rate,1,123,within,1,"{'b1': 0.8548799753189087, 'b2': 0.9050418138504028, 'b3': 0.9608375430107117}",,,,,
0.861764706,0.924137931,0.788235294,0.850793651,0.878477509,0.211764706,"[[159, 11], [36, 134]]",21.61952782,Rate,1,456,within,32,"{'b1': 0.8935812711715698, 'b2': 1.0231257677078247, 'b3': 1.0290753841400146}",,,,,
0.847058824,0.86875,0.817647059,0.842424242,0.880882353,0.182352941,"[[149, 21], [31, 139]]",20.55188465,Rate,2,42,within,36,"{'b1': 0.8866487741470337, 'b2': 1.002406358718872, 'b3': 1.028069019317627}",,,,,
0.5,0.5,1,0.666666667,0.305899654,0,"[[0, 170], [0, 170]]",164.5561829,Rate,2,123,within,1,"{'b1': 0.8548961877822876, 'b2': 0.905105471611023, 'b3': 0.9607933759689331}",,,,,
0.873529412,0.884848485,0.858823529,0.871641791,0.895657439,0.141176471,"[[151, 19], [24, 146]]",20.34361744,Rate,2,456,within,40,"{'b1': 0.8900959491729736, 'b2': 1.0269792079925537, 'b3': 1.028425693511963}",,,,,
0.817647059,0.846153846,0.776470588,0.809815951,0.844965398,0.223529412,"[[146, 24], [38, 132]]",27.333004,Rate,3,42,within,25,"{'b1': 0.8879649639129639, 'b2': 1.0019408464431763, 'b3': 1.0269525051116943}",,,,,
0.5,0.5,1,0.666666667,0.348096886,0,"[[0, 170], [0, 170]]",164.1594849,Rate,3,123,within,1,"{'b1': 0.8549570441246033, 'b2': 0.9051721692085266, 'b3': 0.9608048796653748}",,,,,
0.817647059,0.803370787,0.841176471,0.82183908,0.843183391,0.158823529,"[[135, 35], [27, 143]]",27.12553501,Rate,3,456,within,19,"{'b1': 0.9018535614013672, 'b2': 1.013688325881958, 'b3': 1.0284321308135986}",,,,,
0.5,0,0,0,0.551453287,1,"[[170, 0], [170, 0]]",148.1323242,Rate,4,42,within,1,"{'b1': 0.8557831048965454, 'b2': 0.8988227844238281, 'b3': 0.9620167016983032}",,,,,
0.5,0.5,1,0.666666667,0.364204152,0,"[[0, 170], [0, 170]]",164.1351929,Rate,4,123,within,1,"{'b1': 0.8549502491950989, 'b2': 0.9052042365074158, 'b3': 0.9608365297317505}",,,,,
0.879411765,0.957446809,0.794117647,0.868167203,0.907179931,0.205882353,"[[164, 6], [35, 135]]",21.41558075,Rate,4,456,within,24,"{'b1': 0.894859790802002, 'b2': 1.0124398469924927, 'b3': 1.0277570486068726}",,,,,
0.5,0,0,0,0.710294118,1,"[[170, 0], [170, 0]]",146.2476883,Phase,0,42,within,1,"{'b1': 0.8557451367378235, 'b2': 0.8998039364814758, 'b3': 0.961959183216095}",,,,,
0.5,0.5,1,0.666666667,0.398252595,0,"[[0, 170], [0, 170]]",162.5712891,Phase,0,123,within,1,"{'b1': 0.8549488186836243, 'b2': 0.9052186608314514, 'b3': 0.9607823491096497}",,,,,
0.891176471,0.923566879,0.852941176,0.886850153,0.907352941,0.147058824,"[[158, 12], [25, 145]]",20.8647747,Phase,0,456,within,26,"{'b1': 0.890220046043396, 'b2': 0.9861751794815063, 'b3': 1.0262004137039185}",,,,,
0.855882353,0.900662252,0.8,0.847352025,0.889878893,0.2,"[[155, 15], [34, 136]]",21.04972172,Phase,1,42,within,25,"{'b1': 0.8819890022277832, 'b2': 0.9938980340957642, 'b3': 1.0294545888900757}",,,,,
0.5,0.5,1,0.666666667,0.336712803,0,"[[0, 170], [0, 170]]",162.654213,Phase,1,123,within,1,"{'b1': 0.8549813032150269, 'b2': 0.9051563739776611, 'b3': 0.9607917666435242}",,,,,
0.858823529,0.917808219,0.788235294,0.848101266,0.880276817,0.211764706,"[[158, 12], [36, 134]]",21.98962593,Phase,1,456,within,28,"{'b1': 0.9001839756965637, 'b2': 1.0073100328445435, 'b3': 1.0293712615966797}",,,,,
0.867647059,0.908496732,0.817647059,0.860681115,0.873252595,0.182352941,"[[156, 14], [31, 139]]",21.60863304,Phase,2,42,within,42,"{'b1': 0.9138036966323853, 'b2': 1.0159063339233398, 'b3': 1.0262560844421387}",,,,,
0.5,0.5,1,0.666666667,0.351384083,0,"[[0, 170], [0, 170]]",162.9795151,Phase,2,123,within,1,"{'b1': 0.8549832701683044, 'b2': 0.9052128195762634, 'b3': 0.9607642889022827}",,,,,
0.873529412,0.91503268,0.823529412,0.866873065,0.897128028,0.176470588,"[[157, 13], [30, 140]]",21.16822815,Phase,2,456,within,76,"{'b1': 0.8943397402763367, 'b2': 1.0019235610961914, 'b3': 1.0301671028137207}",,,,,
0.5,0,0,0,0.697854671,1,"[[170, 0], [170, 0]]",146.2885132,Phase,3,42,within,1,"{'b1': 0.8557418584823608, 'b2': 0.8999598622322083, 'b3': 0.9619986414909363}",,,,,
0.5,0.5,1,0.666666667,0.426072664,0,"[[0, 170], [0, 170]]",162.5002747,Phase,3,123,within,1,"{'b1': 0.8550153374671936, 'b2': 0.905261218547821, 'b3': 0.960771918296814}",,,,,
0.826470588,0.872483221,0.764705882,0.815047022,0.852543253,0.235294118,"[[151, 19], [40, 130]]",27.10127926,Phase,3,456,within,22,"{'b1': 0.9049650430679321, 'b2': 0.9961531162261963, 'b3': 1.0263373851776123}",,,,,
0.876470588,0.915584416,0.829411765,0.87037037,0.908442907,0.170588235,"[[157, 13], [29, 141]]",22.30145073,Phase,4,42,within,23,"{'b1': 0.8883859515190125, 'b2': 0.9776718020439148, 'b3': 1.029671549797058}",,,,,
0.5,0.5,1,0.666666667,0.392318339,0,"[[0, 170], [0, 170]]",162.4537506,Phase,4,123,within,1,"{'b1': 0.8550127148628235, 'b2': 0.9052953124046326, 'b3': 0.9607967734336853}",,,,,
0.876470588,0.938356164,0.805882353,0.867088608,0.909048443,0.194117647,"[[161, 9], [33, 137]]",21.83987904,Phase,4,456,within,20,"{'b1': 0.9062208533287048, 'b2': 0.9977971911430359, 'b3': 1.0253891944885254}",,,,,
0.5,0,0,0,0.710294118,1,"[[170, 0], [170, 0]]",146.2476883,TTFS,0,42,within,1,"{'b1': 0.8557451367378235, 'b2': 0.8998039364814758, 'b3': 0.961959183216095}",,,,,
0.5,0.5,1,0.666666667,0.398252595,0,"[[0, 170], [0, 170]]",162.5712891,TTFS,0,123,within,1,"{'b1': 0.8549488186836243, 'b2': 0.9052186608314514, 'b3': 0.9607823491096497}",,,,,
0.891176471,0.923566879,0.852941176,0.886850153,0.907352941,0.147058824,"[[158, 12], [25, 145]]",20.8647747,TTFS,0,456,within,26,"{'b1': 0.890220046043396, 'b2': 0.9861751794815063, 'b3': 1.0262004137039185}",,,,,
0.855882353,0.900662252,0.8,0.847352025,0.889878893,0.2,"[[155, 15], [34, 136]]",21.04972172,TTFS,1,42,within,25,"{'b1': 0.8819890022277832, 'b2': 0.9938980340957642, 'b3': 1.0294545888900757}",,,,,
0.5,0.5,1,0.666666667,0.336712803,0,"[[0, 170], [0, 170]]",162.654213,TTFS,1,123,within,1,"{'b1': 0.8549813032150269, 'b2': 0.9051563739776611, 'b3': 0.9607917666435242}",,,,,
0.858823529,0.917808219,0.788235294,0.848101266,0.880276817,0.211764706,"[[158, 12], [36, 134]]",21.98962593,TTFS,1,456,within,28,"{'b1': 0.9001839756965637, 'b2': 1.0073100328445435, 'b3': 1.0293712615966797}",,,,,
0.867647059,0.908496732,0.817647059,0.860681115,0.873252595,0.182352941,"[[156, 14], [31, 139]]",21.60863304,TTFS,2,42,within,42,"{'b1': 0.9138036966323853, 'b2': 1.0159063339233398, 'b3': 1.0262560844421387}",,,,,
0.5,0.5,1,0.666666667,0.351384083,0,"[[0, 170], [0, 170]]",162.9795151,TTFS,2,123,within,1,"{'b1': 0.8549832701683044, 'b2': 0.9052128195762634, 'b3': 0.9607642889022827}",,,,,
0.873529412,0.91503268,0.823529412,0.866873065,0.897128028,0.176470588,"[[157, 13], [30, 140]]",21.16822815,TTFS,2,456,within,76,"{'b1': 0.8943397402763367, 'b2': 1.0019235610961914, 'b3': 1.0301671028137207}",,,,,
0.5,0,0,0,0.697854671,1,"[[170, 0], [170, 0]]",146.2885132,TTFS,3,42,within,1,"{'b1': 0.8557418584823608, 'b2': 0.8999598622322083, 'b3': 0.9619986414909363}",,,,,
0.5,0.5,1,0.666666667,0.426072664,0,"[[0, 170], [0, 170]]",162.5002747,TTFS,3,123,within,1,"{'b1': 0.8550153374671936, 'b2': 0.905261218547821, 'b3': 0.960771918296814}",,,,,
0.826470588,0.872483221,0.764705882,0.815047022,0.852543253,0.235294118,"[[151, 19], [40, 130]]",27.10127926,TTFS,3,456,within,22,"{'b1': 0.9049650430679321, 'b2': 0.9961531162261963, 'b3': 1.0263373851776123}",,,,,
0.876470588,0.915584416,0.829411765,0.87037037,0.908442907,0.170588235,"[[157, 13], [29, 141]]",22.30145073,TTFS,4,42,within,23,"{'b1': 0.8883859515190125, 'b2': 0.9776718020439148, 'b3': 1.029671549797058}",,,,,
0.5,0.5,1,0.666666667,0.392318339,0,"[[0, 170], [0, 170]]",162.4537506,TTFS,4,123,within,1,"{'b1': 0.8550127148628235, 'b2': 0.9052953124046326, 'b3': 0.9607967734336853}",,,,,
0.876470588,0.938356164,0.805882353,0.867088608,0.909048443,0.194117647,"[[161, 9], [33, 137]]",21.83987904,TTFS,4,456,within,20,"{'b1': 0.9062208533287048, 'b2': 0.9977971911430359, 'b3': 1.0253891944885254}",,,,,
0.847058824,0.921428571,0.758823529,0.832258065,0.875726644,0.241176471,"[[159, 11], [41, 129]]",23.90599155,Delta-Mod,0,42,within,26,"{'b1': 0.9009842276573181, 'b2': 0.995166540145874, 'b3': 1.0246371030807495}",,,,,
0.635294118,0.595833333,0.841176471,0.697560976,0.766782007,0.158823529,"[[73, 97], [27, 143]]",46.5979557,Delta-Mod,0,123,within,7,"{'b1': 0.9114271402359009, 'b2': 0.9709927439689636, 'b3': 1.0194807052612305}",,,,,
0.782352941,0.842857143,0.694117647,0.761290323,0.84432526,0.305882353,"[[148, 22], [52, 118]]",42.5094738,Delta-Mod,0,456,within,10,"{'b1': 0.9057134389877319, 'b2': 0.9686858654022217, 'b3': 1.0236023664474487}",,,,,
0.829411765,0.878378378,0.764705882,0.817610063,0.846539792,0.235294118,"[[152, 18], [40, 130]]",23.52128887,Delta-Mod,1,42,within,30,"{'b1': 0.9094655513763428, 'b2': 1.0052911043167114, 'b3': 1.0249032974243164}",,,,,
0.5,0.5,1,0.666666667,0.5,0,"[[0, 170], [0, 170]]",167.4650269,Delta-Mod,1,123,within,1,"{'b1': 0.8532537221908569, 'b2': 0.9046773910522461, 'b3': 0.9607405662536621}",,,,,
0.832352941,0.889655172,0.758823529,0.819047619,0.855986159,0.241176471,"[[154, 16], [41, 129]]",22.97391319,Delta-Mod,1,456,within,35,"{'b1': 0.9074705839157104, 'b2': 1.0045061111450195, 'b3': 1.0245918035507202}",,,,,
0.835294118,0.925373134,0.729411765,0.815789474,0.864602076,0.270588235,"[[160, 10], [46, 124]]",22.87541008,Delta-Mod,2,42,within,29,"{'b1': 0.9082598686218262, 'b2': 1.000840187072754, 'b3': 1.0250258445739746}",,,,,
0.676470588,0.641509434,0.8,0.712041885,0.786972318,0.2,"[[94, 76], [34, 136]]",46.35727882,Delta-Mod,2,123,within,7,"{'b1': 0.9110488295555115, 'b2': 0.9707335233688354, 'b3': 1.0197291374206543}",,,,,
0.817647059,0.855263158,0.764705882,0.807453416,0.83816609,0.235294118,"[[148, 22], [40, 130]]",23.92208862,Delta-Mod,2,456,within,34,"{'b1': 0.9069181084632874, 'b2': 1.0068089962005615, 'b3': 1.0243474245071411}",,,,,
0.852941176,0.875,0.823529412,0.848484848,0.891799308,0.176470588,"[[150, 20], [30, 140]]",25.93040657,Delta-Mod,3,42,within,40,"{'b1': 0.9102733731269836, 'b2': 1.0056930780410767, 'b3': 1.0248606204986572}",,,,,
0.5,0.5,1,0.666666667,0.5,0,"[[0, 170], [0, 170]]",167.4530258,Delta-Mod,3,123,within,1,"{'b1': 0.8533072471618652, 'b2': 0.9048730731010437, 'b3': 0.960727870464325}",,,,,
0.855882353,0.885350318,0.817647059,0.850152905,0.891972318,0.182352941,"[[152, 18], [31, 139]]",26.07508278,Delta-Mod,3,456,within,44,"{'b1': 0.9044224619865417, 'b2': 1.0020325183868408, 'b3': 1.0245795249938965}",,,,,
0.882352941,0.933333333,0.823529412,0.875,0.914809689,0.176470588,"[[160, 10], [30, 140]]",24.52199364,Delta-Mod,4,42,within,23,"{'b1': 0.8996696472167969, 'b2': 0.9820785522460938, 'b3': 1.0247552394866943}",,,,,
0.755882353,0.81294964,0.664705882,0.731391586,0.807975779,0.335294118,"[[144, 26], [57, 113]]",46.23786736,Delta-Mod,4,123,within,7,"{'b1': 0.9112813472747803, 'b2': 0.9715659022331238, 'b3': 1.0195739269256592}",,,,,
0.867647059,0.925170068,0.8,0.858044164,0.907802768,0.2,"[[159, 11], [34, 136]]",25.18569756,Delta-Mod,4,456,within,22,"{'b1': 0.9068101048469543, 'b2': 0.9895198941230774, 'b3': 1.0244158506393433}",,,,,
0.882352941,0.927631579,0.829411765,0.875776398,0.916297578,0.170588235,"[[159, 11], [29, 141]]",17.3950901,PDE,0,42,within,32,"{'b1': 0.8912212252616882, 'b2': 1.0115517377853394, 'b3': 1.0223898887634277}",,,,,
0.885294118,0.933774834,0.829411765,0.878504673,0.915259516,0.170588235,"[[160, 10], [29, 141]]",17.66076469,PDE,0,123,within,30,"{'b1': 0.8874381184577942, 'b2': 1.0295970439910889, 'b3': 1.0122779607772827}",,,,,
0.894117647,0.929487179,0.852941176,0.889570552,0.920968858,0.147058824,"[[159, 11], [25, 145]]",18.21225929,PDE,0,456,within,26,"{'b1': 0.877321183681488, 'b2': 1.0139954090118408, 'b3': 1.027624487876892}",,,,,
0.844117647,0.877419355,0.8,0.836923077,0.878391003,0.2,"[[151, 19], [34, 136]]",20.41066074,PDE,1,42,within,43,"{'b1': 0.8762294054031372, 'b2': 1.0152759552001953, 'b3': 1.0171955823898315}",,,,,
0.832352941,0.850931677,0.805882353,0.827794562,0.878044983,0.194117647,"[[146, 24], [33, 137]]",23.56160069,PDE,1,123,within,24,"{'b1': 0.880804717540741, 'b2': 1.0162761211395264, 'b3': 1.0132943391799927}",,,,,
0.873529412,0.904458599,0.835294118,0.868501529,0.905346021,0.164705882,"[[155, 15], [28, 142]]",17.63475037,PDE,1,456,within,45,"{'b1': 0.8731663227081299, 'b2': 1.0234651565551758, 'b3': 1.0249476432800293}",,,,,
0.9,0.959459459,0.835294118,0.893081761,0.926539792,0.164705882,"[[164, 6], [28, 142]]",16.61660099,PDE,2,42,within,29,"{'b1': 0.8830357193946838, 'b2': 1.0137301683425903, 'b3': 1.0197910070419312}",,,,,
0.9,0.930379747,0.864705882,0.896341463,0.929775087,0.135294118,"[[159, 11], [23, 147]]",18.41570663,PDE,2,123,within,27,"{'b1': 0.8813152313232422, 'b2': 1.0187019109725952, 'b3': 1.0104070901870728}",,,,,
0.9,0.925,0.870588235,0.896969697,0.920968858,0.129411765,"[[158, 12], [22, 148]]",17.11448336,PDE,2,456,within,26,"{'b1': 0.8753756284713745, 'b2': 1.0099636316299438, 'b3': 1.0307806730270386}",,,,,
0.85,0.888888889,0.8,0.842105263,0.880657439,0.2,"[[153, 17], [34, 136]]",22.12314701,PDE,3,42,within,32,"{'b1': 0.8885678052902222, 'b2': 1.0181831121444702, 'b3': 1.0216453075408936}",,,,,
0.855882353,0.875776398,0.829411765,0.851963746,0.873131488,0.170588235,"[[150, 20], [29, 141]]",23.01926327,PDE,3,123,within,43,"{'b1': 0.8880026340484619, 'b2': 1.0208475589752197, 'b3': 1.0105656385421753}",,,,,
0.861764706,0.93006993,0.782352941,0.849840256,0.893598616,0.217647059,"[[160, 10], [37, 133]]",21.81983185,PDE,3,456,within,20,"{'b1': 0.8782224655151367, 'b2': 1.0144139528274536, 'b3': 1.025521159172058}",,,,,
0.897058824,0.919254658,0.870588235,0.894259819,0.917612457,0.129411765,"[[157, 13], [22, 148]]",18.43178558,PDE,4,42,within,36,"{'b1': 0.8879173398017883, 'b2': 1.021526575088501, 'b3': 1.0211389064788818}",,,,,
0.897058824,0.941176471,0.847058824,0.891640867,0.927595156,0.152941176,"[[161, 9], [26, 144]]",17.63351536,PDE,4,123,within,31,"{'b1': 0.8905579447746277, 'b2': 1.0197443962097168, 'b3': 1.0106130838394165}",,,,,
0.905882353,0.96,0.847058824,0.9,0.940155709,0.152941176,"[[164, 6], [26, 144]]",16.50488758,PDE,4,456,within,25,"{'b1': 0.8725502490997314, 'b2': 1.020174264907837, 'b3': 1.0261938571929932}",,,,,
0.894117647,0.946666667,0.835294118,0.8875,0.930709343,0.164705882,"[[162, 8], [28, 142]]",18.70681,ATDE,0,42,within,25,"{'b1': 0.899463951587677, 'b2': 0.9590054750442505, 'b3': 1.0318028926849365}",,,,,
0.867647059,0.943262411,0.782352941,0.855305466,0.907889273,0.217647059,"[[162, 8], [37, 133]]",19.83253384,ATDE,0,123,within,32,"{'b1': 0.9008702635765076, 'b2': 0.9983704090118408, 'b3': 1.014325499534607}",,,,,
0.902941176,0.972413793,0.829411765,0.895238095,0.93083045,0.170588235,"[[166, 4], [29, 141]]",20.06998634,ATDE,0,456,within,17,"{'b1': 0.8908076286315918, 'b2': 0.9640069603919983, 'b3': 1.0204370021820068}",,,,,
0.876470588,0.926666667,0.817647059,0.86875,0.90716263,0.182352941,"[[159, 11], [31, 139]]",17.94693089,ATDE,1,42,within,29,"{'b1': 0.8986292481422424, 'b2': 0.9533414244651794, 'b3': 1.0340279340744019}",,,,,
0.867647059,0.913907285,0.811764706,0.859813084,0.902906574,0.188235294,"[[157, 13], [32, 138]]",19.0229578,ATDE,1,123,within,39,"{'b1': 0.8970907926559448, 'b2': 1.0038834810256958, 'b3': 1.0158499479293823}",,,,,
0.855882353,0.837988827,0.882352941,0.859598854,0.932681661,0.117647059,"[[141, 29], [20, 150]]",38.93394852,ATDE,1,456,within,11,"{'b1': 0.8862996697425842, 'b2': 0.9435797929763794, 'b3': 0.9704764485359192}",,,,,
0.908823529,0.960264901,0.852941176,0.903426791,0.94032872,0.147058824,"[[164, 6], [25, 145]]",15.66934729,ATDE,2,42,within,20,"{'b1': 0.8943132162094116, 'b2': 0.9467231631278992, 'b3': 1.0246644020080566}",,,,,
0.873529412,0.984732824,0.758823529,0.857142857,0.953650519,0.241176471,"[[168, 2], [41, 129]]",34.59075737,ATDE,2,123,within,13,"{'b1': 0.8882541060447693, 'b2': 0.9323387742042542, 'b3': 1.0103023052215576}",,,,,
0.902941176,0.953642384,0.847058824,0.897196262,0.938979239,0.152941176,"[[163, 7], [26, 144]]",14.20590639,ATDE,2,456,within,19,"{'b1': 0.8961361050605774, 'b2': 0.9781784415245056, 'b3': 1.030888557434082}",,,,,
0.897058824,0.972027972,0.817647059,0.888178914,0.927733564,0.182352941,"[[166, 4], [31, 139]]",18.65255737,ATDE,3,42,within,32,"{'b1': 0.8992818593978882, 'b2': 0.9541231393814087, 'b3': 1.033699870109558}",,,,,
0.885294118,0.911949686,0.852941176,0.881458967,0.920813149,0.147058824,"[[156, 14], [25, 145]]",18.83321095,ATDE,3,123,within,30,"{'b1': 0.8970000743865967, 'b2': 1.0052515268325806, 'b3': 1.0129202604293823}",,,,,
0.902941176,0.941935484,0.858823529,0.898461538,0.916764706,0.141176471,"[[161, 9], [24, 146]]",18.99953556,ATDE,3,456,within,29,"{'b1': 0.8957515358924866, 'b2': 0.9963738322257996, 'b3': 1.0349551439285278}",,,,,
0.9,0.909638554,0.888235294,0.898809524,0.930432526,0.111764706,"[[155, 15], [19, 151]]",18.48558903,ATDE,4,42,within,20,"{'b1': 0.894533634185791, 'b2': 0.9467152953147888, 'b3': 1.0280237197875977}",,,,,
0.894117647,0.929487179,0.852941176,0.889570552,0.911989619,0.147058824,"[[159, 11], [25, 145]]",17.43643999,ATDE,4,123,within,26,"{'b1': 0.8997234106063843, 'b2': 1.0240676403045654, 'b3': 1.0144774913787842}",,,,,
0.9,0.953333333,0.841176471,0.89375,0.933321799,0.158823529,"[[163, 7], [27, 143]]",16.17725182,ATDE,4,456,within,20,"{'b1': 0.8968307971954346, 'b2': 0.9830427765846252, 'b3': 1.0325887203216553}",,,,,
0.897058824,0.914110429,0.876470588,0.894894895,0.922647059,0.123529412,"[[156, 14], [21, 149]]",16.50425529,MASTE,0,42,within,37,"{'b1': 0.8691787123680115, 'b2': 1.0297905206680298, 'b3': 1.0310953855514526}",,,,,
0.894117647,0.894117647,0.894117647,0.894117647,0.914480969,0.105882353,"[[152, 18], [18, 152]]",18.13887024,MASTE,0,123,within,43,"{'b1': 0.8715188503265381, 'b2': 1.0098165273666382, 'b3': 1.0129896402359009}",,,,,
0.882352941,0.911392405,0.847058824,0.87804878,0.913235294,0.152941176,"[[156, 14], [26, 144]]",18.88417912,MASTE,0,456,within,23,"{'b1': 0.8776966333389282, 'b2': 1.0323668718338013, 'b3': 1.0295171737670898}",,,,,
0.855882353,0.900662252,0.8,0.847352025,0.902214533,0.2,"[[155, 15], [34, 136]]",20.50893116,MASTE,1,42,within,36,"{'b1': 0.875383198261261, 'b2': 1.014299750328064, 'b3': 1.0254579782485962}",,,,,
0.829411765,0.85,0.8,0.824242424,0.894134948,0.2,"[[146, 24], [34, 136]]",28.02525711,MASTE,1,123,within,20,"{'b1': 0.8774986267089844, 'b2': 0.9420226812362671, 'b3': 1.013366460800171}",,,,,
0.861764706,0.924137931,0.788235294,0.850793651,0.896764706,0.211764706,"[[159, 11], [36, 134]]",20.68568134,MASTE,1,456,within,30,"{'b1': 0.8771888017654419, 'b2': 1.0367101430892944, 'b3': 1.027816653251648}",,,,,
0.891176471,0.929032258,0.847058824,0.886153846,0.909775087,0.152941176,"[[159, 11], [26, 144]]",15.29249716,MASTE,2,42,within,39,"{'b1': 0.8736288547515869, 'b2': 1.0263317823410034, 'b3': 1.0258456468582153}",,,,,
0.879411765,0.87283237,0.888235294,0.880466472,0.920709343,0.111764706,"[[148, 22], [19, 151]]",20.99124813,MASTE,2,123,within,25,"{'b1': 0.8752877116203308, 'b2': 0.9698210954666138, 'b3': 1.0146832466125488}",,,,,
0.885294118,0.945578231,0.817647059,0.876971609,0.947906574,0.182352941,"[[162, 8], [31, 139]]",39.1843338,MASTE,2,456,within,12,"{'b1': 0.8806521892547607, 'b2': 0.9438227415084839, 'b3': 0.9886059165000916}",,,,,
0.864705882,0.892405063,0.829411765,0.859756098,0.898062284,0.170588235,"[[153, 17], [29, 141]]",21.39115524,MASTE,3,42,within,33,"{'b1': 0.8773697018623352, 'b2': 1.018519639968872, 'b3': 1.025773525238037}",,,,,
0.864705882,0.942857143,0.776470588,0.851612903,0.89650519,0.223529412,"[[162, 8], [38, 132]]",21.86082077,MASTE,3,123,within,48,"{'b1': 0.8736383318901062, 'b2': 1.0041502714157104, 'b3': 1.0134788751602173}",,,,,
0.873529412,0.95035461,0.788235294,0.861736334,0.922508651,0.211764706,"[[163, 7], [36, 134]]",39.1265564,MASTE,3,456,within,12,"{'b1': 0.8807054162025452, 'b2': 0.9428160786628723, 'b3': 0.9914815425872803}",,,,,
0.888235294,0.917721519,0.852941176,0.884146341,0.91366782,0.147058824,"[[157, 13], [25, 145]]",18.0325346,MASTE,4,42,within,32,"{'b1': 0.8743880987167358, 'b2': 1.0225443840026855, 'b3': 1.0300045013427734}",,,,,
0.873529412,0.91503268,0.823529412,0.866873065,0.928027682,0.176470588,"[[157, 13], [30, 140]]",32.59163284,MASTE,4,123,within,16,"{'b1': 0.8780103921890259, 'b2': 0.9323463439941406, 'b3': 1.0157521963119507}",,,,,
0.897058824,0.941176471,0.847058824,0.891640867,0.919515571,0.152941176,"[[161, 9], [26, 144]]",17.8151598,MASTE,4,456,within,39,"{'b1': 0.87458336353302, 'b2': 1.0362639427185059, 'b3': 1.0314335823059082}",,,,,
0.858823529,0.942028986,0.764705882,0.844155844,0.896245675,0.235294118,"[[162, 8], [40, 130]]",24.52679825,ST-MW,0,42,within,18,"{'b1': 0.894845187664032, 'b2': 0.9637194871902466, 'b3': 0.9721962213516235}",,,,,
0.85,0.869565217,0.823529412,0.84592145,0.891280277,0.176470588,"[[149, 21], [30, 140]]",29.14236164,ST-MW,0,123,within,11,"{'b1': 0.896845281124115, 'b2': 0.9675936102867126, 'b3': 1.0016257762908936}",,,,,
0.902941176,0.947712418,0.852941176,0.897832817,0.923650519,0.147058824,"[[162, 8], [25, 145]]",18.53544521,ST-MW,0,456,within,53,"{'b1': 0.9338257312774658, 'b2': 1.0052244663238525, 'b3': 1.0149372816085815}",,,,,
0.867647059,0.908496732,0.817647059,0.860681115,0.902058824,0.182352941,"[[156, 14], [31, 139]]",22.38071251,ST-MW,1,42,within,21,"{'b1': 0.8981619477272034, 'b2': 0.9748551845550537, 'b3': 0.967899739742279}",,,,,
0.867647059,0.888198758,0.841176471,0.864048338,0.891608997,0.158823529,"[[152, 18], [27, 143]]",21.79219913,ST-MW,1,123,within,25,"{'b1': 0.9116185903549194, 'b2': 1.014508605003357, 'b3': 1.0117138624191284}",,,,,
0.858823529,0.87654321,0.835294118,0.855421687,0.895519031,0.164705882,"[[150, 20], [28, 142]]",22.60432339,ST-MW,1,456,within,24,"{'b1': 0.9126365780830383, 'b2': 0.9727447628974915, 'b3': 1.011244773864746}",,,,,
0.858823529,0.917808219,0.788235294,0.848101266,0.890570934,0.211764706,"[[158, 12], [36, 134]]",19.54092503,ST-MW,2,42,within,30,"{'b1': 0.9057725667953491, 'b2': 0.985853910446167, 'b3': 0.9695149064064026}",,,,,
0.888235294,0.928571429,0.841176471,0.882716049,0.907422145,0.158823529,"[[159, 11], [27, 143]]",18.93645,ST-MW,2,123,within,38,"{'b1': 0.9243483543395996, 'b2': 1.012515664100647, 'b3': 1.008755087852478}",,,,,
0.911764706,0.960526316,0.858823529,0.906832298,0.928425606,0.141176471,"[[164, 6], [24, 146]]",15.20022202,ST-MW,2,456,within,56,"{'b1': 0.9364339709281921, 'b2': 1.0077264308929443, 'b3': 1.0105575323104858}",,,,,
0.855882353,0.906040268,0.794117647,0.846394984,0.886038062,0.205882353,"[[156, 14], [35, 135]]",22.66138363,ST-MW,3,42,within,40,"{'b1': 0.9086312651634216, 'b2': 0.983150839805603, 'b3': 0.976404070854187}",,,,,
0.861764706,0.859649123,0.864705882,0.862170088,0.880934256,0.135294118,"[[146, 24], [23, 147]]",23.4926548,ST-MW,3,123,within,26,"{'b1': 0.9108914136886597, 'b2': 1.011011004447937, 'b3': 1.0115525722503662}",,,,,
0.873529412,0.871345029,0.876470588,0.873900293,0.893027682,0.123529412,"[[148, 22], [21, 149]]",22.12106991,ST-MW,3,456,within,57,"{'b1': 0.9328112006187439, 'b2': 0.9997379779815674, 'b3': 1.0172334909439087}",,,,,
0.888235294,0.985294118,0.788235294,0.875816993,0.916903114,0.211764706,"[[168, 2], [36, 134]]",23.56341839,ST-MW,4,42,within,25,"{'b1': 0.8937825560569763, 'b2': 0.9683213829994202, 'b3': 0.9621966481208801}",,,,,
0.914705882,0.949044586,0.876470588,0.911314985,0.923408304,0.123529412,"[[162, 8], [21, 149]]",15.9706378,ST-MW,4,123,within,58,"{'b1': 0.9342366456985474, 'b2': 1.003769874572754, 'b3': 1.013400673866272}",,,,,
0.926470588,0.98013245,0.870588235,0.92211838,0.929930796,0.129411765,"[[167, 3], [22, 148]]",18.48638916,ST-MW,4,456,within,51,"{'b1': 0.9263352155685425, 'b2': 1.0040497779846191, 'b3': 1.017340064048767}",,,,,
0.902941176,0.979020979,0.823529412,0.89456869,0.924377163,0.176470588,"[[167, 3], [30, 140]]",23.40985489,AMSTE,0,42,within,18,"{'b1': 0.8795134425163269, 'b2': 0.9368425011634827, 'b3': 1.0258347988128662}",,,,,
0.923529412,0.95,0.894117647,0.921212121,0.945968858,0.105882353,"[[162, 8], [18, 152]]",13.50788021,AMSTE,0,123,within,31,"{'b1': 0.8703570365905762, 'b2': 1.0144983530044556, 'b3': 1.0123947858810425}",,,,,
0.917647059,0.961038961,0.870588235,0.913580247,0.944204152,0.129411765,"[[164, 6], [22, 148]]",18.77473164,AMSTE,0,456,within,24,"{'b1': 0.8659753799438477, 'b2': 0.9882321357727051, 'b3': 1.0235583782196045}",,,,,
0.917647059,0.949367089,0.882352941,0.914634146,0.945276817,0.117647059,"[[162, 8], [20, 150]]",14.41053534,AMSTE,1,42,within,44,"{'b1': 0.8567562699317932, 'b2': 0.972356915473938, 'b3': 1.0255467891693115}",,,,,
0.917647059,0.932926829,0.9,0.916167665,0.943875433,0.1,"[[159, 11], [17, 153]]",14.84383726,AMSTE,1,123,within,32,"{'b1': 0.8726273775100708, 'b2': 1.0177264213562012, 'b3': 1.0132523775100708}",,,,,
0.908823529,0.901734104,0.917647059,0.909620991,0.927785467,0.082352941,"[[153, 17], [14, 156]]",14.20030308,AMSTE,1,456,within,46,"{'b1': 0.8327046632766724, 'b2': 1.006687045097351, 'b3': 1.0249817371368408}",,,,,
0.891176471,0.884393064,0.9,0.89212828,0.916314879,0.1,"[[150, 20], [17, 153]]",15.86943626,AMSTE,2,42,within,64,"{'b1': 0.8435399532318115, 'b2': 1.012482762336731, 'b3': 1.0222444534301758}",,,,,
0.902941176,0.915151515,0.888235294,0.901492537,0.920951557,0.111764706,"[[156, 14], [19, 151]]",15.0476675,AMSTE,2,123,within,44,"{'b1': 0.8622515797615051, 'b2': 1.0163930654525757, 'b3': 1.013251781463623}",,,,,
0.897058824,0.914110429,0.876470588,0.894894895,0.912941176,0.123529412,"[[156, 14], [21, 149]]",15.60499668,AMSTE,2,456,within,43,"{'b1': 0.8341782093048096, 'b2': 1.0117275714874268, 'b3': 1.0292633771896362}",,,,,
0.944117647,0.957575758,0.929411765,0.943283582,0.964602076,0.070588235,"[[163, 7], [12, 158]]",16.10598755,AMSTE,3,42,within,38,"{'b1': 0.8619101047515869, 'b2': 0.9646153450012207, 'b3': 1.0258383750915527}",,,,,
0.5,0.5,1,0.666666667,0.831764706,0,"[[0, 170], [0, 170]]",164.5509186,AMSTE,3,123,within,1,"{'b1': 0.8553023934364319, 'b2': 0.905170202255249, 'b3': 0.9608187675476074}",,,,,
0.947058824,0.987179487,0.905882353,0.944785276,0.975553633,0.094117647,"[[168, 2], [16, 154]]",12.68858099,AMSTE,3,456,within,41,"{'b1': 0.8286538124084473, 'b2': 1.0096747875213623, 'b3': 1.026150107383728}",,,,,
0.923529412,0.95,0.894117647,0.921212121,0.949290657,0.105882353,"[[162, 8], [18, 152]]",14.23161554,AMSTE,4,42,within,38,"{'b1': 0.863053023815155, 'b2': 0.9718979597091675, 'b3': 1.0217859745025635}",,,,,
0.920588235,0.933333333,0.905882353,0.919402985,0.948269896,0.094117647,"[[159, 11], [16, 154]]",14.81480789,AMSTE,4,123,within,32,"{'b1': 0.8684291839599609, 'b2': 1.0227043628692627, 'b3': 1.0143637657165527}",,,,,
0.914705882,0.943396226,0.882352941,0.911854103,0.945346021,0.117647059,"[[161, 9], [20, 150]]",14.23227119,AMSTE,4,456,within,30,"{'b1': 0.8449398875236511, 'b2': 1.0068836212158203, 'b3': 1.0296839475631714}",,,,,
0.882352941,0.891566265,0.870588235,0.880952381,0.908512111,0.129411765,"[[152, 18], [22, 148]]",18.30134773,SFBE,0,42,within,23,"{'b1': 0.9707229733467102, 'b2': 0.999177873134613, 'b3': 1.0262813568115234}",,,,,
0.879411765,0.910828025,0.841176471,0.874617737,0.918546713,0.158823529,"[[156, 14], [27, 143]]",17.39399958,SFBE,0,123,within,22,"{'b1': 0.9665738344192505, 'b2': 0.9892597198486328, 'b3': 1.0089281797409058}",,,,,
0.888235294,0.892857143,0.882352941,0.887573964,0.908321799,0.117647059,"[[152, 18], [20, 150]]",18.3565979,SFBE,0,456,within,21,"{'b1': 0.985735297203064, 'b2': 1.0099515914916992, 'b3': 1.0256212949752808}",,,,,
0.876470588,0.9,0.847058824,0.872727273,0.900121107,0.152941176,"[[154, 16], [26, 144]]",19.47042274,SFBE,1,42,within,20,"{'b1': 0.9697050452232361, 'b2': 0.9943082928657532, 'b3': 1.026207685470581}",,,,,
0.879411765,0.921568627,0.829411765,0.873065015,0.900432526,0.170588235,"[[158, 12], [29, 141]]",19.7497921,SFBE,1,123,within,16,"{'b1': 0.9625065922737122, 'b2': 0.9656102657318115, 'b3': 1.0098880529403687}",,,,,
0.885294118,0.922580645,0.841176471,0.88,0.900986159,0.158823529,"[[158, 12], [27, 143]]",19.67330074,SFBE,1,456,within,14,"{'b1': 0.9598627686500549, 'b2': 0.9926663637161255, 'b3': 1.0237678289413452}",,,,,
0.882352941,0.896341463,0.864705882,0.880239521,0.897352941,0.135294118,"[[153, 17], [23, 147]]",19.34469223,SFBE,2,42,within,34,"{'b1': 1.0202083587646484, 'b2': 1.008988618850708, 'b3': 1.0262103080749512}",,,,,
0.876470588,0.872093023,0.882352941,0.877192982,0.897283737,0.117647059,"[[148, 22], [20, 150]]",18.69178867,SFBE,2,123,within,33,"{'b1': 1.0111299753189087, 'b2': 1.0150295495986938, 'b3': 1.0087295770645142}",,,,,
0.876470588,0.9,0.847058824,0.872727273,0.903442907,0.152941176,"[[154, 16], [26, 144]]",19.32846165,SFBE,2,456,within,17,"{'b1': 0.9615050554275513, 'b2': 1.0064136981964111, 'b3': 1.0245418548583984}",,,,,
0.876470588,0.921052632,0.823529412,0.869565217,0.891937716,0.176470588,"[[158, 12], [30, 140]]",21.45907879,SFBE,3,42,within,26,"{'b1': 0.9988583922386169, 'b2': 1.0054906606674194, 'b3': 1.0261800289154053}",,,,,
0.891176471,0.95862069,0.817647059,0.882539683,0.915657439,0.182352941,"[[164, 6], [31, 139]]",21.39844131,SFBE,3,123,within,17,"{'b1': 0.9681861996650696, 'b2': 0.9850767850875854, 'b3': 1.0082920789718628}",,,,,
0.873529412,0.871345029,0.876470588,0.873900293,0.877525952,0.123529412,"[[148, 22], [21, 149]]",21.08222961,SFBE,3,456,within,17,"{'b1': 0.9586853384971619, 'b2': 1.000008463859558, 'b3': 1.0251045227050781}",,,,,
0.902941176,0.925465839,0.876470588,0.900302115,0.928321799,0.123529412,"[[158, 12], [21, 149]]",17.27578163,SFBE,4,42,within,16,"{'b1': 0.9586012959480286, 'b2': 0.9862273335456848, 'b3': 1.0238678455352783}",,,,,
0.905882353,0.915662651,0.894117647,0.904761905,0.929083045,0.105882353,"[[156, 14], [18, 152]]",17.42396641,SFBE,4,123,within,22,"{'b1': 0.9684162139892578, 'b2': 0.9831520915031433, 'b3': 1.0099666118621826}",,,,,
0.9,0.914634146,0.882352941,0.898203593,0.921349481,0.117647059,"[[156, 14], [20, 150]]",17.39044094,SFBE,4,456,within,16,"{'b1': 0.9665713310241699, 'b2': 1.007394790649414, 'b3': 1.0248585939407349}",,,,,
0.885294118,0.928104575,0.835294118,0.879256966,0.897214533,0.164705882,"[[159, 11], [28, 142]]",21.42504311,Rate,0,42,within,23,"{'b1': 0.8931868672370911, 'b2': 0.9847834706306458, 'b3': 1.0281661748886108}",0.064705882,0.88821088,0.885294118,0.935294118,0.774470316
0.905882353,0.97260274,0.835294118,0.898734177,0.926955017,0.164705882,"[[166, 4], [28, 142]]",19.51328087,Rate,0,123,within,23,"{'b1': 0.8665534257888794, 'b2': 0.971085786819458, 'b3': 1.02149498462677}",0.023529412,0.933394558,0.905882353,0.976470588,0.819977232
0.867647059,0.95620438,0.770588235,0.853420195,0.910363322,0.229411765,"[[164, 6], [39, 131]]",22.65170765,Rate,0,456,within,17,"{'b1': 0.8604893684387207, 'b2': 0.963516354560852, 'b3': 1.0284924507141113}",0.035294118,0.918082797,0.867647059,0.964705882,0.749551902
0.85,0.904761905,0.782352941,0.839116719,0.878910035,0.217647059,"[[156, 14], [37, 133]]",21.58730507,Rate,1,42,within,26,"{'b1': 0.8923748135566711, 'b2': 0.9812843203544617, 'b3': 1.0266432762145996}",0.082352941,0.854666469,0.85,0.917647059,0.70649589
0.879411765,0.932885906,0.817647059,0.871473354,0.889480969,0.182352941,"[[160, 10], [31, 139]]",21.17039585,Rate,1,123,within,40,"{'b1': 0.8854449987411499, 'b2': 0.9769517779350281, 'b3': 1.020830750465393}",0.058823529,0.874797464,0.879411765,0.941176471,0.764680283
0.858823529,0.962121212,0.747058824,0.841059603,0.894083045,0.252941176,"[[165, 5], [43, 127]]",21.36339378,Rate,1,456,within,22,"{'b1': 0.8742454648017883, 'b2': 0.9809084534645081, 'b3': 1.0260543823242188}",0.029411765,0.894156805,0.858823529,0.970588235,0.736276938
0.867647059,0.908496732,0.817647059,0.860681115,0.893304498,0.182352941,"[[156, 14], [31, 139]]",20.11778641,Rate,2,42,within,32,"{'b1': 0.8753243684768677, 'b2': 0.9837404489517212, 'b3': 1.024705171585083}",0.082352941,0.871297864,0.867647059,0.917647059,0.738998394
0.885294118,0.911949686,0.852941176,0.881458967,0.915155709,0.147058824,"[[156, 14], [25, 145]]",18.41076231,Rate,2,123,within,42,"{'b1': 0.8787338733673096, 'b2': 0.972507119178772, 'b3': 1.021308183670044}",0.082352941,0.891854374,0.885294118,0.917647059,0.772206488
0.870588235,0.92,0.811764706,0.8625,0.90150519,0.188235294,"[[158, 12], [32, 138]]",21.53552532,Rate,2,456,within,38,"{'b1': 0.8825498819351196, 'b2': 0.9795371890068054, 'b3': 1.0267665386199951}",0.070588235,0.885308537,0.870588235,0.929411765,0.746359586
0.829411765,0.878378378,0.764705882,0.817610063,0.875449827,0.235294118,"[[152, 18], [40, 130]]",25.48110676,Rate,3,42,within,22,"{'b1': 0.885735273361206, 'b2': 0.9810587167739868, 'b3': 1.027825951576233}",0.105882353,0.846298989,0.829411765,0.894117647,0.664410597
0.870588235,0.898734177,0.835294118,0.865853659,0.890795848,0.164705882,"[[154, 16], [28, 142]]",22.45467377,Rate,3,123,within,36,"{'b1': 0.874026894569397, 'b2': 0.9743569493293762, 'b3': 1.0202301740646362}",0.094117647,0.860238382,0.870588235,0.905882353,0.74302993
0.8,0.771276596,0.852941176,0.810055866,0.829083045,0.147058824,"[[127, 43], [25, 145]]",29.35934925,Rate,3,456,within,16,"{'b1': 0.8561238050460815, 'b2': 0.9589180946350098, 'b3': 1.0271220207214355}",0.252941176,0.775637568,0.8,0.747058824,0.603391868
0.861764706,0.924137931,0.788235294,0.850793651,0.899256055,0.211764706,"[[159, 11], [36, 134]]",22.47968102,Rate,4,42,within,23,"{'b1': 0.8899267911911011, 'b2': 0.9809120297431946, 'b3': 1.0262926816940308}",0.064705882,0.891085747,0.861764706,0.935294118,0.731482271
0.902941176,0.985815603,0.817647059,0.893890675,0.934342561,0.182352941,"[[168, 2], [31, 139]]",19.28763962,Rate,4,123,within,25,"{'b1': 0.8699870705604553, 'b2': 0.9740626215934753, 'b3': 1.0197155475616455}",0.011764706,0.944327557,0.902941176,0.988235294,0.817870366
0.858823529,0.929577465,0.776470588,0.846153846,0.895190311,0.223529412,"[[160, 10], [38, 132]]",23.63291359,Rate,4,456,within,20,"{'b1': 0.8766363263130188, 'b2': 0.9865350723266602, 'b3': 1.0286469459533691}",0.058823529,0.886275192,0.858823529,0.941176471,0.727583871
0.870588235,0.925675676,0.805882353,0.86163522,0.887422145,0.194117647,"[[159, 11], [33, 137]]",22.77436829,Phase,0,42,within,17,"{'b1': 0.891923725605011, 'b2': 0.9918765425682068, 'b3': 1.026612401008606}",0.064705882,0.875135175,0.870588235,0.935294118,0.747461922
0.897058824,0.953020134,0.835294118,0.890282132,0.916297578,0.164705882,"[[163, 7], [28, 142]]",20.26958752,Phase,0,123,within,22,"{'b1': 0.8798264861106873, 'b2': 0.9762361645698547, 'b3': 1.0213297605514526}",0.041176471,0.912454251,0.897058824,0.958823529,0.800246808
0.858823529,0.929577465,0.776470588,0.846153846,0.894480969,0.223529412,"[[160, 10], [38, 132]]",23.3039999,Phase,0,456,within,17,"{'b1': 0.8661000728607178, 'b2': 0.9774594306945801, 'b3': 1.0263370275497437}",0.058823529,0.896887274,0.858823529,0.941176471,0.727583871
0.838235294,0.880794702,0.782352941,0.828660436,0.865778547,0.217647059,"[[152, 18], [37, 133]]",22.45587254,Phase,1,42,within,27,"{'b1': 0.8940046429634094, 'b2': 0.9865655899047852, 'b3': 1.028342843055725}",0.105882353,0.839069686,0.838235294,0.894117647,0.680735602
0.873529412,0.926174497,0.811764706,0.865203762,0.889844291,0.188235294,"[[159, 11], [32, 138]]",21.65965366,Phase,1,123,within,43,"{'b1': 0.8794142603874207, 'b2': 0.9779163599014282, 'b3': 1.023709774017334}",0.064705882,0.8699875,0.873529412,0.935294118,0.752824775
0.811764706,0.788043478,0.852941176,0.81920904,0.834100346,0.147058824,"[[131, 39], [25, 145]]",25.75511074,Phase,1,456,within,24,"{'b1': 0.8811004757881165, 'b2': 0.9865320920944214, 'b3': 1.0263911485671997}",0.229411765,0.779677648,0.811764706,0.770588235,0.625654618
0.855882353,0.862275449,0.847058824,0.854599407,0.869117647,0.152941176,"[[147, 23], [26, 144]]",22.58237648,Phase,2,42,within,32,"{'b1': 0.8947180509567261, 'b2': 0.9868457913398743, 'b3': 1.0266327857971191}",0.135294118,0.831465312,0.855882353,0.864705882,0.71187556
0.876470588,0.895061728,0.852941176,0.873493976,0.891384083,0.147058824,"[[153, 17], [25, 145]]",20.15635395,Phase,2,123,within,29,"{'b1': 0.8741343021392822, 'b2': 0.9710128307342529, 'b3': 1.021458625793457}",0.1,0.85987525,0.876470588,0.9,0.75377627
0.861764706,0.886792453,0.829411765,0.857142857,0.881297578,0.170588235,"[[152, 18], [29, 141]]",22.55206013,Phase,2,456,within,42,"{'b1': 0.881641685962677, 'b2': 0.9895570278167725, 'b3': 1.0261940956115723}",0.105882353,0.843680981,0.861764706,0.894117647,0.72504884
0.826470588,0.937007874,0.7,0.801346801,0.897543253,0.3,"[[162, 8], [51, 119]]",30.74162388,Phase,3,42,within,13,"{'b1': 0.8606694936752319, 'b2': 0.9662607908248901, 'b3': 1.026507019996643}",0.047058824,0.91098792,0.826470588,0.952941176,0.674887395
0.870588235,0.925675676,0.805882353,0.86163522,0.893944637,0.194117647,"[[159, 11], [33, 137]]",22.32977009,Phase,3,123,within,28,"{'b1': 0.8688379526138306, 'b2': 0.9746059775352478, 'b3': 1.0218908786773682}",0.064705882,0.877258017,0.870588235,0.935294118,0.747461922
0.797058824,0.806060606,0.782352941,0.794029851,0.83633218,0.217647059,"[[138, 32], [37, 133]]",27.45001888,Phase,3,456,within,19,"{'b1': 0.8682564496994019, 'b2': 0.9876917004585266, 'b3': 1.0266584157943726}",0.188235294,0.788485389,0.797058824,0.811764706,0.594374785
0.894117647,0.95890411,0.823529412,0.886075949,0.921937716,0.176470588,"[[164, 6], [30, 140]]",22.26728535,Phase,4,42,within,22,"{'b1': 0.8802566528320312, 'b2': 0.9795403480529785, 'b3': 1.0284148454666138}",0.035294118,0.922399827,0.894117647,0.964705882,0.796209776
0.897058824,0.959183673,0.829411765,0.889589905,0.911972318,0.170588235,"[[164, 6], [29, 141]]",20.59595203,Phase,4,123,within,25,"{'b1': 0.8740543127059937, 'b2': 0.9753634929656982, 'b3': 1.02423894405365}",0.035294118,0.905161633,0.897058824,0.964705882,0.801486934
0.852941176,0.9,0.794117647,0.84375,0.860190311,0.205882353,"[[155, 15], [35, 135]]",26.8947401,Phase,4,456,within,36,"{'b1': 0.8905459642410278, 'b2': 0.9928573369979858, 'b3': 1.0247728824615479}",0.088235294,0.836726636,0.852941176,0.911764706,0.710818653
0.870588235,0.925675676,0.805882353,0.86163522,0.887422145,0.194117647,"[[159, 11], [33, 137]]",22.77436829,TTFS,0,42,within,17,"{'b1': 0.891923725605011, 'b2': 0.9918765425682068, 'b3': 1.026612401008606}",0.064705882,0.875135175,0.870588235,0.935294118,0.747461922
0.897058824,0.953020134,0.835294118,0.890282132,0.916297578,0.164705882,"[[163, 7], [28, 142]]",20.26958752,TTFS,0,123,within,22,"{'b1': 0.8798264861106873, 'b2': 0.9762361645698547, 'b3': 1.0213297605514526}",0.041176471,0.912454251,0.897058824,0.958823529,0.800246808
0.858823529,0.929577465,0.776470588,0.846153846,0.894480969,0.223529412,"[[160, 10], [38, 132]]",23.3039999,TTFS,0,456,within,17,"{'b1': 0.8661000728607178, 'b2': 0.9774594306945801, 'b3': 1.0263370275497437}",0.058823529,0.896887274,0.858823529,0.941176471,0.727583871
0.838235294,0.880794702,0.782352941,0.828660436,0.865778547,0.217647059,"[[152, 18], [37, 133]]",22.45587254,TTFS,1,42,within,27,"{'b1': 0.8940046429634094, 'b2': 0.9865655899047852, 'b3': 1.028342843055725}",0.105882353,0.839069686,0.838235294,0.894117647,0.680735602
0.873529412,0.926174497,0.811764706,0.865203762,0.889844291,0.188235294,"[[159, 11], [32, 138]]",21.65965366,TTFS,1,123,within,43,"{'b1': 0.8794142603874207, 'b2': 0.9779163599014282, 'b3': 1.023709774017334}",0.064705882,0.8699875,0.873529412,0.935294118,0.752824775
0.811764706,0.788043478,0.852941176,0.81920904,0.834100346,0.147058824,"[[131, 39], [25, 145]]",25.75511074,TTFS,1,456,within,24,"{'b1': 0.8811004757881165, 'b2': 0.9865320920944214, 'b3': 1.0263911485671997}",0.229411765,0.779677648,0.811764706,0.770588235,0.625654618
0.855882353,0.862275449,0.847058824,0.854599407,0.869117647,0.152941176,"[[147, 23], [26, 144]]",22.58237648,TTFS,2,42,within,32,"{'b1': 0.8947180509567261, 'b2': 0.9868457913398743, 'b3': 1.0266327857971191}",0.135294118,0.831465312,0.855882353,0.864705882,0.71187556
0.876470588,0.895061728,0.852941176,0.873493976,0.891384083,0.147058824,"[[153, 17], [25, 145]]",20.15635395,TTFS,2,123,within,29,"{'b1': 0.8741343021392822, 'b2': 0.9710128307342529, 'b3': 1.021458625793457}",0.1,0.85987525,0.876470588,0.9,0.75377627
0.861764706,0.886792453,0.829411765,0.857142857,0.881297578,0.170588235,"[[152, 18], [29, 141]]",22.55206013,TTFS,2,456,within,42,"{'b1': 0.881641685962677, 'b2': 0.9895570278167725, 'b3': 1.0261940956115723}",0.105882353,0.843680981,0.861764706,0.894117647,0.72504884
0.826470588,0.937007874,0.7,0.801346801,0.897543253,0.3,"[[162, 8], [51, 119]]",30.74162388,TTFS,3,42,within,13,"{'b1': 0.8606694936752319, 'b2': 0.9662607908248901, 'b3': 1.026507019996643}",0.047058824,0.91098792,0.826470588,0.952941176,0.674887395
0.870588235,0.925675676,0.805882353,0.86163522,0.893944637,0.194117647,"[[159, 11], [33, 137]]",22.32977009,TTFS,3,123,within,28,"{'b1': 0.8688379526138306, 'b2': 0.9746059775352478, 'b3': 1.0218908786773682}",0.064705882,0.877258017,0.870588235,0.935294118,0.747461922
0.797058824,0.806060606,0.782352941,0.794029851,0.83633218,0.217647059,"[[138, 32], [37, 133]]",27.45001888,TTFS,3,456,within,19,"{'b1': 0.8682564496994019, 'b2': 0.9876917004585266, 'b3': 1.0266584157943726}",0.188235294,0.788485389,0.797058824,0.811764706,0.594374785
0.894117647,0.95890411,0.823529412,0.886075949,0.921937716,0.176470588,"[[164, 6], [30, 140]]",22.26728535,TTFS,4,42,within,22,"{'b1': 0.8802566528320312, 'b2': 0.9795403480529785, 'b3': 1.0284148454666138}",0.035294118,0.922399827,0.894117647,0.964705882,0.796209776
0.897058824,0.959183673,0.829411765,0.889589905,0.911972318,0.170588235,"[[164, 6], [29, 141]]",20.59595203,TTFS,4,123,within,25,"{'b1': 0.8740543127059937, 'b2': 0.9753634929656982, 'b3': 1.02423894405365}",0.035294118,0.905161633,0.897058824,0.964705882,0.801486934
0.852941176,0.9,0.794117647,0.84375,0.860190311,0.205882353,"[[155, 15], [35, 135]]",26.8947401,TTFS,4,456,within,36,"{'b1': 0.8905459642410278, 'b2': 0.9928573369979858, 'b3': 1.0247728824615479}",0.088235294,0.836726636,0.852941176,0.911764706,0.710818653
0.829411765,0.894366197,0.747058824,0.814102564,0.864377163,0.252941176,"[[155, 15], [43, 127]]",26.98968601,Delta-Mod,0,42,within,31,"{'b1': 0.8940849304199219, 'b2': 0.9809584021568298, 'b3': 1.0089879035949707}",0.088235294,0.852595806,0.829411765,0.911764706,0.667945849
0.838235294,0.907801418,0.752941176,0.823151125,0.86916955,0.247058824,"[[157, 13], [42, 128]]",25.81005859,Delta-Mod,0,123,within,22,"{'b1': 0.8884619474411011, 'b2': 0.9843059182167053, 'b3': 1.0088964700698853}",0.076470588,0.867006218,0.838235294,0.923529412,0.686533519
0.844117647,0.953488372,0.723529412,0.822742475,0.883235294,0.276470588,"[[164, 6], [47, 123]]",25.81654167,Delta-Mod,0,456,within,19,"{'b1': 0.8975552916526794, 'b2': 0.9692485928535461, 'b3': 1.011271357536316}",0.035294118,0.895423274,0.844117647,0.964705882,0.709169059
0.838235294,0.919708029,0.741176471,0.820846906,0.870743945,0.258823529,"[[159, 11], [44, 126]]",22.23452091,Delta-Mod,1,42,within,33,"{'b1': 0.8919104337692261, 'b2': 0.9898131489753723, 'b3': 1.0103285312652588}",0.064705882,0.861942587,0.838235294,0.935294118,0.68958775
0.829411765,0.9,0.741176471,0.812903226,0.856176471,0.258823529,"[[156, 14], [44, 126]]",22.56616116,Delta-Mod,1,123,within,34,"{'b1': 0.884865939617157, 'b2': 1.0011411905288696, 'b3': 1.009809136390686}",0.082352941,0.846080065,0.829411765,0.917647059,0.669328021
0.852941176,0.916666667,0.776470588,0.840764331,0.868546713,0.223529412,"[[158, 12], [38, 132]]",22.05153465,Delta-Mod,1,456,within,49,"{'b1': 0.886648416519165, 'b2': 1.0084120035171509, 'b3': 1.0109412670135498}",0.070588235,0.857661288,0.852941176,0.929411765,0.714285714
0.814705882,0.908396947,0.7,0.790697674,0.838806228,0.3,"[[158, 12], [51, 119]]",25.56639194,Delta-Mod,2,42,within,39,"{'b1': 0.8898677229881287, 'b2': 1.001572847366333, 'b3': 1.0089718103408813}",0.070588235,0.822727224,0.814705882,0.929411765,0.646658494
0.817647059,0.909090909,0.705882353,0.794701987,0.86150519,0.294117647,"[[158, 12], [50, 120]]",23.85568523,Delta-Mod,2,123,within,21,"{'b1': 0.8905222415924072, 'b2': 0.9796717166900635, 'b3': 1.0097508430480957}",0.070588235,0.85851828,0.817647059,0.929411765,0.651786142
0.811764706,0.801136364,0.829411765,0.815028902,0.829636678,0.170588235,"[[135, 35], [29, 141]]",25.09381962,Delta-Mod,2,456,within,34,"{'b1': 0.8915186524391174, 'b2': 1.0018361806869507, 'b3': 1.012435793876648}",0.205882353,0.778871952,0.811764706,0.794117647,0.623918132
0.835294118,0.890410959,0.764705882,0.82278481,0.874619377,0.235294118,"[[154, 16], [40, 130]]",26.75024319,Delta-Mod,3,42,within,25,"{'b1': 0.895470917224884, 'b2': 0.9734217524528503, 'b3': 1.024389624595642}",0.094117647,0.849681495,0.835294118,0.905882353,0.677372496
0.85,0.860606061,0.835294118,0.847761194,0.871072664,0.164705882,"[[147, 23], [28, 142]]",26.60442352,Delta-Mod,3,123,within,26,"{'b1': 0.8854266405105591, 'b2': 0.9928988218307495, 'b3': 1.015279769897461}",0.135294118,0.840653388,0.85,0.864705882,0.700302965
0.847058824,0.888157895,0.794117647,0.838509317,0.879844291,0.205882353,"[[153, 17], [35, 135]]",27.20801449,Delta-Mod,3,456,within,42,"{'b1': 0.892216145992279, 'b2': 1.0021024942398071, 'b3': 1.0103076696395874}",0.1,0.849666183,0.847058824,0.9,0.698041573
0.835294118,0.9453125,0.711764706,0.812080537,0.910467128,0.288235294,"[[163, 7], [49, 121]]",25.78682041,Delta-Mod,4,42,within,20,"{'b1': 0.8949711918830872, 'b2': 0.9679058194160461, 'b3': 1.024366021156311}",0.041176471,0.90896491,0.835294118,0.958823529,0.692041177
0.847058824,0.983606557,0.705882353,0.821917808,0.925363322,0.294117647,"[[168, 2], [50, 120]]",24.51338673,Delta-Mod,4,123,within,19,"{'b1': 0.8906586170196533, 'b2': 0.9724876284599304, 'b3': 1.0084720849990845}",0.011764706,0.938160946,0.847058824,0.988235294,0.723558826
0.841176471,0.897260274,0.770588235,0.829113924,0.884238754,0.229411765,"[[155, 15], [39, 131]]",24.34268093,Delta-Mod,4,456,within,27,"{'b1': 0.8930423259735107, 'b2': 0.991689145565033, 'b3': 1.0120353698730469}",0.088235294,0.863669561,0.841176471,0.911764706,0.689256224
0.885294118,0.911949686,0.852941176,0.881458967,0.914896194,0.147058824,"[[156, 14], [25, 145]]",18.17012882,PDE,0,42,within,31,"{'b1': 0.8939459919929504, 'b2': 1.0278816223144531, 'b3': 1.0147804021835327}",0.082352941,0.88886007,0.885294118,0.917647059,0.772206488
0.876470588,0.885542169,0.864705882,0.875,0.910380623,0.135294118,"[[151, 19], [23, 147]]",18.31233978,PDE,0,123,within,40,"{'b1': 0.8708231449127197, 'b2': 1.0312708616256714, 'b3': 1.009629249572754}",0.111764706,0.880308777,0.876470588,0.888235294,0.75314969
0.882352941,0.882352941,0.882352941,0.882352941,0.907301038,0.117647059,"[[150, 20], [20, 150]]",23.00487995,PDE,0,456,within,22,"{'b1': 0.8864114284515381, 'b2': 0.9684847593307495, 'b3': 1.0110644102096558}",0.117647059,0.883272223,0.882352941,0.882352941,0.764705882
0.832352941,0.874172185,0.776470588,0.822429907,0.875086505,0.223529412,"[[151, 19], [38, 132]]",21.90086746,PDE,1,42,within,34,"{'b1': 0.8872635364532471, 'b2': 1.022974967956543, 'b3': 1.0134080648422241}",0.111764706,0.836292229,0.832352941,0.888235294,0.668896722
0.858823529,0.917808219,0.788235294,0.848101266,0.883944637,0.211764706,"[[158, 12], [36, 134]]",19.38108635,PDE,1,123,within,63,"{'b1': 0.8724828362464905, 'b2': 1.0300612449645996, 'b3': 1.015424132347107}",0.070588235,0.864796477,0.858823529,0.929411765,0.724907408
0.844117647,0.850299401,0.835294118,0.84272997,0.857941176,0.164705882,"[[145, 25], [28, 142]]",22.28786278,PDE,1,456,within,35,"{'b1': 0.8934375643730164, 'b2': 1.0068144798278809, 'b3': 1.01155686378479}",0.147058824,0.818212167,0.844117647,0.852941176,0.688342484
0.897058824,0.924528302,0.864705882,0.893617021,0.923512111,0.135294118,"[[158, 12], [23, 147]]",16.80364895,PDE,2,42,within,36,"{'b1': 0.8746998906135559, 'b2': 1.0172713994979858, 'b3': 1.0266536474227905}",0.070588235,0.900406922,0.897058824,0.929411765,0.795785312
0.888235294,0.917721519,0.852941176,0.884146341,0.923096886,0.147058824,"[[157, 13], [25, 145]]",17.78328991,PDE,2,123,within,32,"{'b1': 0.8694244623184204, 'b2': 0.9965851902961731, 'b3': 1.0162348747253418}",0.076470588,0.904886683,0.888235294,0.923529412,0.778412307
0.894117647,0.889534884,0.9,0.894736842,0.915986159,0.1,"[[151, 19], [17, 153]]",18.89942837,PDE,2,456,within,28,"{'b1': 0.8893542885780334, 'b2': 0.9974471926689148, 'b3': 1.0134001970291138}",0.111764706,0.885493591,0.894117647,0.888235294,0.788289849
0.852941176,0.865853659,0.835294118,0.850299401,0.86849481,0.164705882,"[[148, 22], [28, 142]]",23.33447838,PDE,3,42,within,41,"{'b1': 0.887870728969574, 'b2': 1.0223815441131592, 'b3': 1.015607237815857}",0.129411765,0.824834236,0.852941176,0.870588235,0.706322414
0.858823529,0.891025641,0.817647059,0.852760736,0.873546713,0.182352941,"[[153, 17], [31, 139]]",22.44812012,PDE,3,123,within,35,"{'b1': 0.8747565746307373, 'b2': 1.028637409210205, 'b3': 1.0154927968978882}",0.1,0.84146888,0.858823529,0.9,0.720093051
0.838235294,0.88590604,0.776470588,0.827586207,0.882145329,0.223529412,"[[153, 17], [38, 132]]",23.36707115,PDE,3,456,within,26,"{'b1': 0.8893822431564331, 'b2': 0.9973224401473999, 'b3': 1.0085335969924927}",0.1,0.853456659,0.838235294,0.9,0.681691726
0.882352941,0.916666667,0.841176471,0.877300613,0.92150519,0.158823529,"[[157, 13], [27, 143]]",17.65756702,PDE,4,42,within,27,"{'b1': 0.8847491145133972, 'b2': 1.0289965867996216, 'b3': 1.0153528451919556}",0.076470588,0.899538406,0.882352941,0.923529412,0.767312268
0.891176471,0.95862069,0.817647059,0.882539683,0.905138408,0.182352941,"[[164, 6], [31, 139]]",19.63731289,PDE,4,123,within,39,"{'b1': 0.8831881284713745, 'b2': 1.0253065824508667, 'b3': 1.0037719011306763}",0.035294118,0.898517779,0.891176471,0.964705882,0.790952374
0.888235294,0.934210526,0.835294118,0.881987578,0.926885813,0.164705882,"[[160, 10], [28, 142]]",19.48238945,PDE,4,456,within,24,"{'b1': 0.8786795139312744, 'b2': 0.9853262901306152, 'b3': 1.0153805017471313}",0.058823529,0.916316344,0.888235294,0.941176471,0.780860065
0.876470588,0.921052632,0.823529412,0.869565217,0.923961938,0.176470588,"[[158, 12], [30, 140]]",18.50289822,ATDE,0,42,within,22,"{'b1': 0.8948015570640564, 'b2': 0.9847258925437927, 'b3': 1.0307978391647339}",0.070588235,0.906961481,0.876470588,0.929411765,0.757197639
0.870588235,0.909090909,0.823529412,0.864197531,0.917318339,0.176470588,"[[156, 14], [30, 140]]",19.61036396,ATDE,0,123,within,24,"{'b1': 0.9163086414337158, 'b2': 0.9578616619110107, 'b3': 1.031607747077942}",0.082352941,0.90198381,0.870588235,0.917647059,0.744481161
0.870588235,0.9375,0.794117647,0.859872611,0.897560554,0.205882353,"[[161, 9], [35, 135]]",20.61473942,ATDE,0,456,within,33,"{'b1': 0.9050477743148804, 'b2': 0.9926574230194092, 'b3': 1.032265067100525}",0.052941176,0.880232006,0.870588235,0.947058824,0.75
0.873529412,0.904458599,0.835294118,0.868501529,0.89982699,0.164705882,"[[155, 15], [28, 142]]",18.7644906,ATDE,1,42,within,24,"{'b1': 0.8897491097450256, 'b2': 0.9895691275596619, 'b3': 1.0350918769836426}",0.088235294,0.868841536,0.873529412,0.911764706,0.749252757
0.861764706,0.924137931,0.788235294,0.850793651,0.902076125,0.211764706,"[[159, 11], [36, 134]]",19.08198452,ATDE,1,123,within,39,"{'b1': 0.8994444608688354, 'b2': 0.9654377698898315, 'b3': 1.0300214290618896}",0.064705882,0.883929702,0.861764706,0.935294118,0.731482271
0.85,0.860606061,0.835294118,0.847761194,0.882474048,0.164705882,"[[147, 23], [28, 142]]",19.54818535,ATDE,1,456,within,32,"{'b1': 0.9055076837539673, 'b2': 0.9831821918487549, 'b3': 1.0302979946136475}",0.135294118,0.839864551,0.85,0.864705882,0.700302965
0.873529412,0.909677419,0.829411765,0.867692308,0.900813149,0.170588235,"[[156, 14], [29, 141]]",19.17523956,ATDE,2,42,within,34,"{'b1': 0.8939108848571777, 'b2': 1.0106678009033203, 'b3': 1.031741976737976}",0.082352941,0.870801022,0.873529412,0.917647059,0.749984016
0.882352941,0.939189189,0.817647059,0.874213836,0.921089965,0.182352941,"[[161, 9], [31, 139]]",16.32510185,ATDE,2,123,within,21,"{'b1': 0.9071964025497437, 'b2': 0.9430634379386902, 'b3': 1.036308765411377}",0.052941176,0.905689349,0.882352941,0.947058824,0.771190872
0.879411765,0.916129032,0.835294118,0.873846154,0.953321799,0.164705882,"[[157, 13], [28, 142]]",32.6898632,ATDE,2,456,within,12,"{'b1': 0.8754221200942993, 'b2': 0.9254499077796936, 'b3': 0.9919695258140564}",0.076470588,0.961196509,0.879411765,0.923529412,0.761794788
0.9,0.935897436,0.858823529,0.895705521,0.917958478,0.141176471,"[[160, 10], [24, 146]]",19.01457119,ATDE,3,42,within,27,"{'b1': 0.888465166091919, 'b2': 1.0079641342163086, 'b3': 1.032300353050232}",0.058823529,0.906343197,0.9,0.941176471,0.80272668
0.885294118,0.958041958,0.805882353,0.875399361,0.91416955,0.194117647,"[[164, 6], [33, 137]]",19.55265141,ATDE,3,123,within,30,"{'b1': 0.9116536378860474, 'b2': 0.9635810256004333, 'b3': 1.025481104850769}",0.035294118,0.906659697,0.885294118,0.964705882,0.780495069
0.882352941,0.939189189,0.817647059,0.874213836,0.900380623,0.182352941,"[[161, 9], [31, 139]]",21.5095911,ATDE,3,456,within,52,"{'b1': 0.9039394855499268, 'b2': 0.9897840023040771, 'b3': 1.0293116569519043}",0.052941176,0.88869081,0.882352941,0.947058824,0.771190872
0.9,0.953333333,0.841176471,0.89375,0.918269896,0.158823529,"[[163, 7], [27, 143]]",17.86001205,ATDE,4,42,within,24,"{'b1': 0.9053718447685242, 'b2': 1.0129591226577759, 'b3': 1.0308313369750977}",0.041176471,0.905359879,0.9,0.958823529,0.805594474
0.867647059,0.874251497,0.858823529,0.866468843,0.919775087,0.141176471,"[[149, 21], [24, 146]]",26.41917419,ATDE,4,123,within,17,"{'b1': 0.89090895652771, 'b2': 0.9179064631462097, 'b3': 1.0264005661010742}",0.123529412,0.894883389,0.867647059,0.876470588,0.735408637
0.888235294,0.9125,0.858823529,0.884848485,0.912266436,0.141176471,"[[156, 14], [24, 146]]",18.14896774,ATDE,4,456,within,28,"{'b1': 0.8984844088554382, 'b2': 0.9925816655158997, 'b3': 1.033229112625122}",0.082352941,0.885276031,0.888235294,0.917647059,0.777817459
0.879411765,0.890909091,0.864705882,0.87761194,0.909100346,0.135294118,"[[152, 18], [23, 147]]",18.94847393,MASTE,0,42,within,53,"{'b1': 0.8965359926223755, 'b2': 1.030140995979309, 'b3': 1.0273637771606445}",0.105882353,0.872819139,0.879411765,0.894117647,0.759151953
0.879411765,0.886227545,0.870588235,0.878338279,0.903027682,0.129411765,"[[151, 19], [22, 148]]",18.57134724,MASTE,0,123,within,48,"{'b1': 0.8426118493080139, 'b2': 1.01522958278656, 'b3': 1.019787311553955}",0.111764706,0.866394012,0.879411765,0.888235294,0.758941713
0.861764706,0.855491329,0.870588235,0.862973761,0.88884083,0.129411765,"[[145, 25], [22, 148]]",20.22249794,MASTE,0,456,within,44,"{'b1': 0.8734626173973083, 'b2': 1.0212702751159668, 'b3': 1.0280969142913818}",0.147058824,0.837383932,0.861764706,0.852941176,0.723642098
0.847058824,0.851190476,0.841176471,0.846153846,0.884965398,0.158823529,"[[145, 25], [27, 143]]",21.48630714,MASTE,1,42,within,33,"{'b1': 0.900420606136322, 'b2': 1.0342767238616943, 'b3': 1.0296841859817505}",0.147058824,0.838307707,0.847058824,0.852941176,0.694165688
0.841176471,0.867088608,0.805882353,0.835365854,0.882577855,0.194117647,"[[149, 21], [33, 137]]",22.16293049,MASTE,1,123,within,49,"{'b1': 0.8585179448127747, 'b2': 0.9927331805229187, 'b3': 1.02187180519104}",0.123529412,0.844205313,0.841176471,0.876470588,0.6840593
0.847058824,0.847058824,0.847058824,0.847058824,0.875138408,0.152941176,"[[144, 26], [26, 144]]",22.54261684,MASTE,1,456,within,31,"{'b1': 0.8874625563621521, 'b2': 1.0255695581436157, 'b3': 1.024872064590454}",0.152941176,0.823786189,0.847058824,0.847058824,0.694117647
0.867647059,0.874251497,0.858823529,0.866468843,0.884031142,0.141176471,"[[149, 21], [24, 146]]",19.60633087,MASTE,2,42,within,37,"{'b1': 0.8873860836029053, 'b2': 1.017435073852539, 'b3': 1.021372675895691}",0.123529412,0.851846934,0.867647059,0.876470588,0.735408637
0.876470588,0.915584416,0.829411765,0.87037037,0.894083045,0.170588235,"[[157, 13], [29, 141]]",17.34623766,MASTE,2,123,within,36,"{'b1': 0.8582218885421753, 'b2': 0.9678075313568115, 'b3': 1.0156463384628296}",0.076470588,0.870842598,0.876470588,0.923529412,0.756298323
0.852941176,0.840909091,0.870588235,0.855491329,0.889740484,0.129411765,"[[142, 28], [22, 148]]",19.92519379,MASTE,2,456,within,24,"{'b1': 0.8886787295341492, 'b2': 0.9804942011833191, 'b3': 1.0269205570220947}",0.164705882,0.845750057,0.852941176,0.835294118,0.706322414
0.852941176,0.910958904,0.782352941,0.841772152,0.895916955,0.217647059,"[[157, 13], [37, 133]]",21.30593872,MASTE,3,42,within,27,"{'b1': 0.8802997469902039, 'b2': 1.022969365119934, 'b3': 1.0222622156143188}",0.076470588,0.870797441,0.852941176,0.923529412,0.71302368
0.858823529,0.935714286,0.770588235,0.84516129,0.892802768,0.229411765,"[[161, 9], [39, 131]]",22.17907524,MASTE,3,123,within,46,"{'b1': 0.8533673286437988, 'b2': 0.996677577495575, 'b3': 1.0205110311508179}",0.052941176,0.880207032,0.858823529,0.947058824,0.729089452
0.861764706,0.976744186,0.741176471,0.842809365,0.91916955,0.258823529,"[[167, 3], [44, 126]]",33.54284286,MASTE,3,456,within,15,"{'b1': 0.8729805946350098, 'b2': 0.9184216260910034, 'b3': 1.0228570699691772}",0.017647059,0.924752127,0.861764706,0.982352941,0.745536703
0.9,0.953333333,0.841176471,0.89375,0.920640138,0.158823529,"[[163, 7], [27, 143]]",18.73066902,MASTE,4,42,within,31,"{'b1': 0.8977634906768799, 'b2': 1.0301629304885864, 'b3': 1.0242180824279785}",0.041176471,0.911953531,0.9,0.958823529,0.805594474
0.888235294,0.923076923,0.847058824,0.883435583,0.899273356,0.152941176,"[[158, 12], [26, 144]]",19.53828239,MASTE,4,123,within,48,"{'b1': 0.8538784980773926, 'b2': 1.0140219926834106, 'b3': 1.025256872177124}",0.070588235,0.878665328,0.888235294,0.929411765,0.779117072
0.891176471,0.934640523,0.841176471,0.885448916,0.915847751,0.158823529,"[[160, 10], [27, 143]]",17.56553745,MASTE,4,456,within,36,"{'b1': 0.8757986426353455, 'b2': 1.029571533203125, 'b3': 1.0295993089675903}",0.058823529,0.897760586,0.891176471,0.941176471,0.786294291
0.861764706,0.918367347,0.794117647,0.851735016,0.889083045,0.205882353,"[[158, 12], [35, 135]]",23.27338886,ST-MW,0,42,within,46,"{'b1': 0.9186590909957886, 'b2': 0.968230128288269, 'b3': 0.9958813190460205}",0.070588235,0.876667351,0.861764706,0.929411765,0.730243651
0.905882353,0.97260274,0.835294118,0.898734177,0.932491349,0.164705882,"[[166, 4], [28, 142]]",17.69682503,ST-MW,0,123,within,44,"{'b1': 0.911007285118103, 'b2': 0.9720050096511841, 'b3': 1.0115876197814941}",0.023529412,0.929390744,0.905882353,0.976470588,0.819977232
0.902941176,0.936305732,0.864705882,0.899082569,0.92233564,0.135294118,"[[160, 10], [23, 147]]",20.60452747,ST-MW,0,456,within,58,"{'b1': 0.9150874614715576, 'b2': 0.980251669883728, 'b3': 1.0068434476852417}",0.058823529,0.907109659,0.902941176,0.941176471,0.808249037
0.897058824,0.941176471,0.847058824,0.891640867,0.926972318,0.152941176,"[[161, 9], [26, 144]]",20.11458397,ST-MW,1,42,within,60,"{'b1': 0.9312626123428345, 'b2': 0.995519757270813, 'b3': 1.00937020778656}",0.052941176,0.908806291,0.897058824,0.947058824,0.798118265
0.894117647,0.924050633,0.858823529,0.890243902,0.930086505,0.141176471,"[[158, 12], [24, 146]]",16.89271641,ST-MW,1,123,within,38,"{'b1': 0.9131696224212646, 'b2': 0.9704558253288269, 'b3': 1.021909236907959}",0.070588235,0.907256883,0.894117647,0.929411765,0.790206433
0.905882353,0.953947368,0.852941176,0.900621118,0.935034602,0.147058824,"[[163, 7], [25, 145]]",17.24688435,ST-MW,1,456,within,47,"{'b1': 0.9111568331718445, 'b2': 0.9672114253044128, 'b3': 1.0154632329940796}",0.041176471,0.923337738,0.905882353,0.958823529,0.816353704
0.885294118,0.887573964,0.882352941,0.884955752,0.895795848,0.117647059,"[[151, 19], [20, 150]]",20.77526379,ST-MW,2,42,within,35,"{'b1': 0.9080254435539246, 'b2': 0.9651612043380737, 'b3': 1.0105462074279785}",0.111764706,0.860649797,0.885294118,0.888235294,0.770601568
0.917647059,0.949367089,0.882352941,0.914634146,0.936089965,0.117647059,"[[162, 8], [20, 150]]",16.82918739,ST-MW,2,123,within,39,"{'b1': 0.909419059753418, 'b2': 0.9697730541229248, 'b3': 1.0191012620925903}",0.047058824,0.916960239,0.917647059,0.952941176,0.837382936
0.9,0.947368421,0.847058824,0.894409938,0.925536332,0.152941176,"[[162, 8], [26, 144]]",19.19463444,ST-MW,2,456,within,43,"{'b1': 0.9000682830810547, 'b2': 0.9721472859382629, 'b3': 1.012605905532837}",0.047058824,0.910095704,0.9,0.952941176,0.804522491
0.873529412,0.871345029,0.876470588,0.873900293,0.894065744,0.123529412,"[[148, 22], [21, 149]]",21.77224064,ST-MW,3,42,within,33,"{'b1': 0.9068558216094971, 'b2': 0.9694433212280273, 'b3': 1.002183437347412}",0.129411765,0.852561704,0.873529412,0.870588235,0.747071749
0.885294118,0.887573964,0.882352941,0.884955752,0.905761246,0.117647059,"[[151, 19], [20, 150]]",20.20035744,ST-MW,3,123,within,52,"{'b1': 0.9070153832435608, 'b2': 0.9732586741447449, 'b3': 1.0195878744125366}",0.111764706,0.862734213,0.885294118,0.888235294,0.770601568
0.882352941,0.877906977,0.888235294,0.883040936,0.896366782,0.111764706,"[[149, 21], [19, 151]]",23.22288418,ST-MW,3,456,within,46,"{'b1': 0.9099744558334351, 'b2': 0.9813512563705444, 'b3': 1.0112096071243286}",0.123529412,0.851552149,0.882352941,0.876470588,0.764758809
0.932352941,0.980392157,0.882352941,0.92879257,0.947128028,0.117647059,"[[167, 3], [20, 150]]",17.25837326,ST-MW,4,42,within,43,"{'b1': 0.9113182425498962, 'b2': 0.9549607038497925, 'b3': 1.0162557363510132}",0.017647059,0.948180566,0.932352941,0.982352941,0.869062111
0.923529412,0.955696203,0.888235294,0.920731707,0.937318339,0.111764706,"[[163, 7], [19, 151]]",16.40595531,ST-MW,4,123,within,35,"{'b1': 0.9030191898345947, 'b2': 0.9709769487380981, 'b3': 1.009496808052063}",0.041176471,0.926133212,0.923529412,0.958823529,0.849177062
0.926470588,0.98013245,0.870588235,0.92211838,0.942525952,0.129411765,"[[167, 3], [22, 148]]",17.80561352,ST-MW,4,456,within,39,"{'b1': 0.9044860601425171, 'b2': 0.9709000587463379, 'b3': 1.0066181421279907}",0.017647059,0.941019622,0.926470588,0.982352941,0.858318803
0.920588235,0.961290323,0.876470588,0.916923077,0.939775087,0.123529412,"[[164, 6], [21, 149]]",14.88060951,AMSTE,0,42,within,36,"{'b1': 0.8665810823440552, 'b2': 1.0257278680801392, 'b3': 1.0222134590148926}",0.035294118,0.925080674,0.920588235,0.964705882,0.844470191
0.926470588,0.950310559,0.9,0.924471299,0.943010381,0.1,"[[162, 8], [17, 153]]",12.80814934,AMSTE,0,123,within,50,"{'b1': 0.847064733505249, 'b2': 0.9942395687103271, 'b3': 1.0126656293869019}",0.047058824,0.923436582,0.926470588,0.952941176,0.854138993
0.917647059,0.949367089,0.882352941,0.914634146,0.937716263,0.117647059,"[[162, 8], [20, 150]]",13.86955547,AMSTE,0,456,within,42,"{'b1': 0.864112377166748, 'b2': 1.00477135181427, 'b3': 1.0135672092437744}",0.047058824,0.92182046,0.917647059,0.952941176,0.837382936
0.917647059,0.927710843,0.905882353,0.916666667,0.940709343,0.094117647,"[[158, 12], [16, 154]]",14.29922009,AMSTE,1,42,within,33,"{'b1': 0.862924337387085, 'b2': 1.02139413356781, 'b3': 1.0168298482894897}",0.070588235,0.916450386,0.917647059,0.929411765,0.835525437
0.902941176,0.910179641,0.894117647,0.902077151,0.92432526,0.105882353,"[[155, 15], [18, 152]]",16.05691004,AMSTE,1,123,within,34,"{'b1': 0.8562057018280029, 'b2': 0.9918262958526611, 'b3': 1.0064244270324707}",0.088235294,0.893894593,0.902941176,0.911764706,0.806007866
0.920588235,0.944099379,0.894117647,0.918429003,0.948598616,0.105882353,"[[161, 9], [18, 152]]",13.86845493,AMSTE,1,456,within,35,"{'b1': 0.8509315252304077, 'b2': 1.010384202003479, 'b3': 1.0166054964065552}",0.052941176,0.931660386,0.920588235,0.947058824,0.842357766
0.908823529,0.960264901,0.852941176,0.903426791,0.940795848,0.147058824,"[[164, 6], [25, 145]]",14.37823343,AMSTE,2,42,within,41,"{'b1': 0.8480790257453918, 'b2': 1.0231094360351562, 'b3': 1.018936038017273}",0.035294118,0.927460601,0.908823529,0.964705882,0.822802163
0.917647059,0.961038961,0.870588235,0.913580247,0.94067474,0.129411765,"[[164, 6], [22, 148]]",14.48557281,AMSTE,2,123,within,58,"{'b1': 0.8228952288627625, 'b2': 1.0016919374465942, 'b3': 1.0071251392364502}",0.035294118,0.927281824,0.917647059,0.964705882,0.839018452
0.905882353,0.920731707,0.888235294,0.904191617,0.92615917,0.111764706,"[[157, 13], [19, 151]]",15.99073219,AMSTE,2,456,within,48,"{'b1': 0.8421004414558411, 'b2': 1.0077495574951172, 'b3': 1.0178911685943604}",0.076470588,0.901494753,0.905882353,0.923529412,0.812270776
0.935294118,0.935294118,0.935294118,0.935294118,0.962041522,0.064705882,"[[159, 11], [11, 159]]",15.49480772,AMSTE,3,42,within,32,"{'b1': 0.8679540753364563, 'b2': 0.9938400387763977, 'b3': 1.0139466524124146}",0.064705882,0.941521057,0.935294118,0.935294118,0.870588235
0.944117647,0.963190184,0.923529412,0.942942943,0.969584775,0.076470588,"[[164, 6], [13, 157]]",15.58427,AMSTE,3,123,within,35,"{'b1': 0.8254117369651794, 'b2': 0.986255943775177, 'b3': 1.0131503343582153}",0.035294118,0.96049453,0.944117647,0.964705882,0.888989255
0.923529412,0.904494382,0.947058824,0.925287356,0.945224913,0.052941176,"[[153, 17], [9, 161]]",18.07506847,AMSTE,3,456,within,34,"{'b1': 0.8661777377128601, 'b2': 0.9932787418365479, 'b3': 1.0174367427825928}",0.1,0.920603934,0.923529412,0.9,0.847998304
0.920588235,0.949685535,0.888235294,0.917933131,0.947387543,0.111764706,"[[162, 8], [19, 151]]",13.98149252,AMSTE,4,42,within,42,"{'b1': 0.864199161529541, 'b2': 1.0117889642715454, 'b3': 1.0232360363006592}",0.047058824,0.932736674,0.920588235,0.952941176,0.84294296
0.923529412,0.944444444,0.9,0.921686747,0.946262976,0.1,"[[161, 9], [17, 153]]",13.04016924,AMSTE,4,123,within,51,"{'b1': 0.8124927878379822, 'b2': 1.0085716247558594, 'b3': 1.014272928237915}",0.052941176,0.926227503,0.923529412,0.947058824,0.847998304
0.914705882,0.917159763,0.911764706,0.914454277,0.936211073,0.088235294,"[[156, 14], [15, 155]]",14.44156313,AMSTE,4,456,within,38,"{'b1': 0.8566488027572632, 'b2': 1.013013482093811, 'b3': 1.0208556652069092}",0.082352941,0.907737122,0.914705882,0.917647059,0.829426115
0.885294118,0.883040936,0.888235294,0.885630499,0.907128028,0.111764706,"[[150, 20], [19, 151]]",17.83095455,SFBE,0,42,within,25,"{'b1': 1.0202370882034302, 'b2': 1.0074193477630615, 'b3': 0.9627162218093872}",0.117647059,0.864102211,0.885294118,0.882352941,0.770601568
0.882352941,0.90625,0.852941176,0.878787879,0.909550173,0.147058824,"[[155, 15], [25, 145]]",18.18003368,SFBE,0,123,within,16,"{'b1': 0.95160973072052, 'b2': 0.9708399772644043, 'b3': 0.9407983422279358}",0.088235294,0.881022071,0.882352941,0.911764706,0.766032346
0.885294118,0.901840491,0.864705882,0.882882883,0.905709343,0.135294118,"[[154, 16], [23, 147]]",18.24664116,SFBE,0,456,within,36,"{'b1': 1.0087472200393677, 'b2': 1.0054298639297485, 'b3': 0.973990261554718}",0.094117647,0.86980426,0.885294118,0.905882353,0.771242334
0.882352941,0.939189189,0.817647059,0.874213836,0.909532872,0.182352941,"[[161, 9], [31, 139]]",19.32947063,SFBE,1,42,within,17,"{'b1': 0.9589249491691589, 'b2': 0.9857176542282104, 'b3': 0.9551364779472351}",0.052941176,0.89324953,0.882352941,0.947058824,0.771190872
0.876470588,0.921052632,0.823529412,0.869565217,0.912439446,0.176470588,"[[158, 12], [30, 140]]",19.71081638,SFBE,1,123,within,33,"{'b1': 0.9954043626785278, 'b2': 0.987916111946106, 'b3': 0.9474473595619202}",0.070588235,0.887498731,0.876470588,0.929411765,0.757197639
0.879411765,0.900621118,0.852941176,0.876132931,0.91349481,0.147058824,"[[154, 16], [25, 145]]",19.49751663,SFBE,1,456,within,32,"{'b1': 0.967629075050354, 'b2': 1.0037447214126587, 'b3': 0.9609404802322388}",0.094117647,0.883573437,0.879411765,0.905882353,0.759889173
0.885294118,0.901840491,0.864705882,0.882882883,0.901228374,0.135294118,"[[154, 16], [23, 147]]",19.34299374,SFBE,2,42,within,19,"{'b1': 0.9664123058319092, 'b2': 0.993959903717041, 'b3': 0.9621857404708862}",0.094117647,0.870508985,0.885294118,0.905882353,0.771242334
0.879411765,0.905660377,0.847058824,0.875379939,0.906712803,0.152941176,"[[155, 15], [26, 144]]",17.95709991,SFBE,2,123,within,26,"{'b1': 0.9732776880264282, 'b2': 0.9869217276573181, 'b3': 0.9447742104530334}",0.088235294,0.883418733,0.879411765,0.911764706,0.760417076
0.885294118,0.928104575,0.835294118,0.879256966,0.909307958,0.164705882,"[[159, 11], [28, 142]]",18.6482935,SFBE,2,456,within,29,"{'b1': 0.9812634587287903, 'b2': 1.0081956386566162, 'b3': 0.9670525193214417}",0.064705882,0.887379283,0.885294118,0.935294118,0.774470316
0.879411765,0.932885906,0.817647059,0.871473354,0.905640138,0.182352941,"[[160, 10], [31, 139]]",20.21245289,SFBE,3,42,within,27,"{'b1': 0.9702681303024292, 'b2': 0.9885352849960327, 'b3': 0.9543374180793762}",0.058823529,0.892736941,0.879411765,0.941176471,0.764680283
0.885294118,0.964539007,0.8,0.874598071,0.918183391,0.2,"[[165, 5], [34, 136]]",20.90711308,SFBE,3,123,within,21,"{'b1': 0.9648423194885254, 'b2': 0.978676438331604, 'b3': 0.940944254398346}",0.029411765,0.918369234,0.885294118,0.970588235,0.782051226
0.882352941,0.939189189,0.817647059,0.874213836,0.912941176,0.182352941,"[[161, 9], [31, 139]]",21.17055702,SFBE,3,456,within,19,"{'b1': 0.9436970949172974, 'b2': 0.9863660335540771, 'b3': 0.9621239900588989}",0.052941176,0.908890265,0.882352941,0.947058824,0.771190872
0.9,0.895348837,0.905882353,0.900584795,0.904290657,0.094117647,"[[152, 18], [16, 154]]",16.62449074,SFBE,4,42,within,32,"{'b1': 1.0100151300430298, 'b2': 1.0051957368850708, 'b3': 0.9561605453491211}",0.105882353,0.864905896,0.9,0.894117647,0.800055369
0.9,0.895348837,0.905882353,0.900584795,0.913771626,0.094117647,"[[152, 18], [16, 154]]",16.71248007,SFBE,4,123,within,31,"{'b1': 1.0118709802627563, 'b2': 0.9822291731834412, 'b3': 0.9471156597137451}",0.105882353,0.880810126,0.9,0.894117647,0.800055369
0.905882353,0.942307692,0.864705882,0.901840491,0.93017301,0.135294118,"[[161, 9], [23, 147]]",17.826581,SFBE,4,456,within,17,"{'b1': 0.9425516128540039, 'b2': 0.972437858581543, 'b3': 0.9490475058555603}",0.052941176,0.914270673,0.905882353,0.947058824,0.814531484
